-- MySQL Script generated by MySQL Workbench
-- Thu Dec  8 10:17:38 2022
-- Model: New Model    Version: 1.0
-- MySQL Workbench Forward Engineering

SET @OLD_UNIQUE_CHECKS=@@UNIQUE_CHECKS, UNIQUE_CHECKS=0;
SET @OLD_FOREIGN_KEY_CHECKS=@@FOREIGN_KEY_CHECKS, FOREIGN_KEY_CHECKS=0;
SET @OLD_SQL_MODE=@@SQL_MODE, SQL_MODE='ONLY_FULL_GROUP_BY,STRICT_TRANS_TABLES,NO_ZERO_IN_DATE,NO_ZERO_DATE,ERROR_FOR_DIVISION_BY_ZERO,NO_ENGINE_SUBSTITUTION';

-- -----------------------------------------------------
-- Schema hospitales
-- -----------------------------------------------------

-- -----------------------------------------------------
-- Schema hospitales
-- -----------------------------------------------------
CREATE SCHEMA IF NOT EXISTS `hospitales` DEFAULT CHARACTER SET utf8 ;
USE `hospitales` ;

-- -----------------------------------------------------
-- Table `hospitales`.`Hospital`
-- -----------------------------------------------------
CREATE TABLE IF NOT EXISTS `hospitales`.`Hospital` (
  `idHospital` INT NOT NULL,
  `nombre` VARCHAR(80) NOT NULL,
  `direccion` VARCHAR(150) NOT NULL,
  `telefono` VARCHAR(45) NULL DEFAULT NULL,
  `fecha_inagura` DATE NULL DEFAULT NULL,
  PRIMARY KEY (`idHospital`))
ENGINE = InnoDB;


-- -----------------------------------------------------
-- Table `hospitales`.`Medico`
-- -----------------------------------------------------
CREATE TABLE IF NOT EXISTS `hospitales`.`Medico` (
  `id_medico` INT NOT NULL,
  `Nnombre` VARCHAR(100) NOT NULL,
  `id_especialidad` INT NULL DEFAULT NULL,
  PRIMARY KEY (`id_medico`),
  INDEX `fk_Medico_Especialidad_idx` (`id_especialidad` ASC) VISIBLE,
  CONSTRAINT `fk_Medico_Especialidad`
    FOREIGN KEY (`id_especialidad`)
    REFERENCES `hospitales`.`Especialidad` (`id_especialidad`)
    ON DELETE CASCADE
    ON UPDATE CASCADE)
ENGINE = InnoDB;


-- -----------------------------------------------------
-- Table `hospitales`.`Especialidad`
-- -----------------------------------------------------
CREATE TABLE IF NOT EXISTS `hospitales`.`Especialidad` (
  `id_especialidad` INT NOT NULL,
  `denominacion` VARCHAR(60) NOT NULL,
  `id_medico` INT NULL DEFAULT NULL,
  PRIMARY KEY (`id_especialidad`),
  INDEX `fk_Especialidad_Medico1_idx` (`id_medico` ASC) VISIBLE,
  CONSTRAINT `fk_Especialidad_Medico1`
    FOREIGN KEY (`id_medico`)
    REFERENCES `hospitales`.`Medico` (`id_medico`)
    ON DELETE CASCADE
    ON UPDATE CASCADE)
ENGINE = InnoDB;


-- -----------------------------------------------------
-- Table `hospitales`.`Planta`
-- -----------------------------------------------------
CREATE TABLE IF NOT EXISTS `hospitales`.`Planta` (
  `idPlanta` INT NOT NULL,
  `id_Hospital` INT NOT NULL,
  `num_hab_publicas` INT NOT NULL,
  `num_hab_privadas` INT NOT NULL,
  `id_medico_jefe_planta` INT NOT NULL,
  `id_especialidad` INT NOT NULL,
  PRIMARY KEY (`idPlanta`, `id_Hospital`),
  INDEX `fk_Planta_Hospital1_idx` (`id_Hospital` ASC) VISIBLE,
  INDEX `fk_Planta_Medico1_idx` (`id_medico_jefe_planta` ASC) VISIBLE,
  INDEX `fk_Planta_Especialidad1_idx` (`id_especialidad` ASC) VISIBLE,
  CONSTRAINT `fk_Planta_Hospital1`
    FOREIGN KEY (`id_Hospital`)
    REFERENCES `hospitales`.`Hospital` (`idHospital`)
    ON DELETE CASCADE
    ON UPDATE CASCADE,
  CONSTRAINT `fk_Planta_Medico1`
    FOREIGN KEY (`id_medico_jefe_planta`)
    REFERENCES `hospitales`.`Medico` (`id_medico`)
    ON DELETE CASCADE
    ON UPDATE CASCADE,
  CONSTRAINT `fk_Planta_Especialidad1`
    FOREIGN KEY (`id_especialidad`)
    REFERENCES `hospitales`.`Especialidad` (`id_especialidad`)
    ON DELETE CASCADE
    ON UPDATE CASCADE)
ENGINE = InnoDB;


-- -----------------------------------------------------
-- Table `hospitales`.`Habitacion`
-- -----------------------------------------------------
CREATE TABLE IF NOT EXISTS `hospitales`.`Habitacion` (
  `id_habitacion` INT NOT NULL,
  `id_planta` INT NOT NULL,
  `id_hospital` INT NOT NULL,
  `es_publica_privada` ENUM('PUBLICA', 'PRIVADA', 'RESERVADA') NOT NULL,
  `precio` DECIMAL(8,2) NOT NULL,
  `num_camas` INT NOT NULL,
  PRIMARY KEY (`id_habitacion`, `id_planta`, `id_hospital`),
  INDEX `fk_Habitacion_Planta1_idx` (`id_planta` ASC, `id_hospital` ASC) VISIBLE,
  CONSTRAINT `fk_Habitacion_Planta1`
    FOREIGN KEY (`id_planta` , `id_hospital`)
    REFERENCES `hospitales`.`Planta` (`idPlanta` , `id_Hospital`)
    ON DELETE CASCADE
    ON UPDATE CASCADE)
ENGINE = InnoDB;


-- -----------------------------------------------------
-- Table `hospitales`.`Paciente`
-- -----------------------------------------------------
CREATE TABLE IF NOT EXISTS `hospitales`.`Paciente` (
  `id_paciente` INT NOT NULL,
  `curp` VARCHAR(18) NULL DEFAULT NULL,
  `numero_ss` VARCHAR(11) NULL DEFAULT NULL,
  `nombre` VARCHAR(80) NOT NULL,
  `direccion` VARCHAR(150) NOT NULL,
  `telefono` VARCHAR(10) NULL DEFAULT NULL,
  PRIMARY KEY (`id_paciente`))
ENGINE = InnoDB;


-- -----------------------------------------------------
-- Table `hospitales`.`Ingreso`
-- -----------------------------------------------------
CREATE TABLE IF NOT EXISTS `hospitales`.`Ingreso` (
  `id_ingreso` INT NOT NULL,
  `fecha_ingreso` DATETIME NOT NULL,
  `fecha_alta` DATE NULL DEFAULT NULL,
  `tratamiento` VARCHAR(500) NULL DEFAULT NULL,
  `Diagnostico` VARCHAR(500) NULL DEFAULT NULL,
  `id_habitacion` INT NOT NULL,
  `id_planta` INT NOT NULL,
  `id_hospital` INT NOT NULL,
  `id_medico_jefe_ingreso` INT NOT NULL,
  `id_paciente` INT NOT NULL,
  PRIMARY KEY (`id_ingreso`),
  INDEX `fk_Ingreso_Paciente1_idx` (`id_paciente` ASC) VISIBLE,
  INDEX `fk_Ingreso_Habitacion1_idx` (`id_habitacion` ASC, `id_planta` ASC, `id_hospital` ASC) VISIBLE,
  INDEX `fk_Ingreso_Medico1_idx` (`id_medico_jefe_ingreso` ASC) VISIBLE,
  CONSTRAINT `fk_Ingreso_Paciente1`
    FOREIGN KEY (`id_paciente`)
    REFERENCES `hospitales`.`Paciente` (`id_paciente`)
    ON DELETE CASCADE
    ON UPDATE CASCADE,
  CONSTRAINT `fk_Ingreso_Habitacion1`
    FOREIGN KEY (`id_habitacion` , `id_planta` , `id_hospital`)
    REFERENCES `hospitales`.`Habitacion` (`id_habitacion` , `id_planta` , `id_hospital`)
    ON DELETE CASCADE
    ON UPDATE CASCADE,
  CONSTRAINT `fk_Ingreso_Medico1`
    FOREIGN KEY (`id_medico_jefe_ingreso`)
    REFERENCES `hospitales`.`Medico` (`id_medico`)
    ON DELETE CASCADE
    ON UPDATE CASCADE)
ENGINE = InnoDB;


SET SQL_MODE=@OLD_SQL_MODE;
SET FOREIGN_KEY_CHECKS=@OLD_FOREIGN_KEY_CHECKS;
SET UNIQUE_CHECKS=@OLD_UNIQUE_CHECKS;

-- -----------------------------------------------------
-- Data for table `hospitales`.`Hospital`
-- -----------------------------------------------------
START TRANSACTION;
USE `hospitales`;
INSERT INTO `hospitales`.`Hospital` (`idHospital`, `nombre`, `direccion`, `telefono`, `fecha_inagura`) VALUES (1, 'Hospital San Juan', 'Av Revolucion', '2569874103', '2000-05-15');
INSERT INTO `hospitales`.`Hospital` (`idHospital`, `nombre`, `direccion`, `telefono`, `fecha_inagura`) VALUES (2, 'Hospital General', '16 de septiembre #514', '8956321475', '1975-01-15');
INSERT INTO `hospitales`.`Hospital` (`idHospital`, `nombre`, `direccion`, `telefono`, `fecha_inagura`) VALUES (3, 'La Raza', 'Francisco I Madero #26', '5558889631', '2001-10-25');
INSERT INTO `hospitales`.`Hospital` (`idHospital`, `nombre`, `direccion`, `telefono`, `fecha_inagura`) VALUES (4, 'Hospital Balvuena', 'Av Porfirio Diaz #58', '2481625108', '2003-08-21');
INSERT INTO `hospitales`.`Hospital` (`idHospital`, `nombre`, `direccion`, `telefono`, `fecha_inagura`) VALUES (5, 'Hospital Universitario', 'Prolongacion Reforma #14', '2584848484', '1999-02-05');
INSERT INTO `hospitales`.`Hospital` (`idHospital`, `nombre`, `direccion`, `telefono`, `fecha_inagura`) VALUES (6, 'Hospital del niño poblano', 'Av Benito Juarez sur #245', '2645495918', '1999-04-15');
INSERT INTO `hospitales`.`Hospital` (`idHospital`, `nombre`, `direccion`, `telefono`, `fecha_inagura`) VALUES (7, 'Hospital Integral', 'Florencio Espinoaa #75', '2100285846', '1998-02-10');
INSERT INTO `hospitales`.`Hospital` (`idHospital`, `nombre`, `direccion`, `telefono`, `fecha_inagura`) VALUES (8, 'Hospital Cruz Roja', 'Ignacio Allende #54', '2959899978', '2015-06-06');
INSERT INTO `hospitales`.`Hospital` (`idHospital`, `nombre`, `direccion`, `telefono`, `fecha_inagura`) VALUES (9, 'Hospital regional', 'Av Independencia norte #45', '2015697156', '2008-12-09');
INSERT INTO `hospitales`.`Hospital` (`idHospital`, `nombre`, `direccion`, `telefono`, `fecha_inagura`) VALUES (10, 'Hospital de alta especialidad', 'Independencia #89', '6665666566', '2000-05-25');

COMMIT;


-- -----------------------------------------------------
-- Data for table `hospitales`.`Medico`
-- -----------------------------------------------------
START TRANSACTION;
USE `hospitales`;
INSERT INTO `hospitales`.`Medico` (`id_medico`, `Nnombre`, `id_especialidad`) VALUES (1, 'Juan Perez Perez', 1);
INSERT INTO `hospitales`.`Medico` (`id_medico`, `Nnombre`, `id_especialidad`) VALUES (2, 'Susana Flores Ortega ', 2);
INSERT INTO `hospitales`.`Medico` (`id_medico`, `Nnombre`, `id_especialidad`) VALUES (3, 'Luisa Hernadez Buendia', 3);
INSERT INTO `hospitales`.`Medico` (`id_medico`, `Nnombre`, `id_especialidad`) VALUES (4, 'Jorge Ramos Juarez', 4);
INSERT INTO `hospitales`.`Medico` (`id_medico`, `Nnombre`, `id_especialidad`) VALUES (5, 'Fernado Rosas Fernandez', 5);
INSERT INTO `hospitales`.`Medico` (`id_medico`, `Nnombre`, `id_especialidad`) VALUES (6, 'Elizabeth Juarez Juarez', 6);
INSERT INTO `hospitales`.`Medico` (`id_medico`, `Nnombre`, `id_especialidad`) VALUES (7, 'Marco Antonio Duran Cordero', 7);
INSERT INTO `hospitales`.`Medico` (`id_medico`, `Nnombre`, `id_especialidad`) VALUES (8, 'Guadalupe Sanchez Vazquez', 8);
INSERT INTO `hospitales`.`Medico` (`id_medico`, `Nnombre`, `id_especialidad`) VALUES (9, 'German Suarez Casas', 9);
INSERT INTO `hospitales`.`Medico` (`id_medico`, `Nnombre`, `id_especialidad`) VALUES (10, 'Pedro Guzman Hernandez', 10);

COMMIT;


-- -----------------------------------------------------
-- Data for table `hospitales`.`Especialidad`
-- -----------------------------------------------------
START TRANSACTION;
USE `hospitales`;
INSERT INTO `hospitales`.`Especialidad` (`id_especialidad`, `denominacion`, `id_medico`) VALUES (1, 'Anestesiologia', 1);
INSERT INTO `hospitales`.`Especialidad` (`id_especialidad`, `denominacion`, `id_medico`) VALUES (2, 'Cardiologia clinica', 2);
INSERT INTO `hospitales`.`Especialidad` (`id_especialidad`, `denominacion`, `id_medico`) VALUES (3, 'Pediatria', 3);
INSERT INTO `hospitales`.`Especialidad` (`id_especialidad`, `denominacion`, `id_medico`) VALUES (4, 'Cirugia general', 4);
INSERT INTO `hospitales`.`Especialidad` (`id_especialidad`, `denominacion`, `id_medico`) VALUES (5, 'Dermatologia', 5);
INSERT INTO `hospitales`.`Especialidad` (`id_especialidad`, `denominacion`, `id_medico`) VALUES (6, 'Angiologia y cirugia vascular ', 6);
INSERT INTO `hospitales`.`Especialidad` (`id_especialidad`, `denominacion`, `id_medico`) VALUES (7, 'Ginecologia y obstetricia', 7);
INSERT INTO `hospitales`.`Especialidad` (`id_especialidad`, `denominacion`, `id_medico`) VALUES (8, 'Hematologia', 8);
INSERT INTO `hospitales`.`Especialidad` (`id_especialidad`, `denominacion`, `id_medico`) VALUES (9, 'Medicina interna', 9);
INSERT INTO `hospitales`.`Especialidad` (`id_especialidad`, `denominacion`, `id_medico`) VALUES (10, 'Nefrologia', 10);

COMMIT;


-- -----------------------------------------------------
-- Data for table `hospitales`.`Planta`
-- -----------------------------------------------------
START TRANSACTION;
USE `hospitales`;
INSERT INTO `hospitales`.`Planta` (`idPlanta`, `id_Hospital`, `num_hab_publicas`, `num_hab_privadas`, `id_medico_jefe_planta`, `id_especialidad`) VALUES (1, 1, 50, 20, 1, 1);
INSERT INTO `hospitales`.`Planta` (`idPlanta`, `id_Hospital`, `num_hab_publicas`, `num_hab_privadas`, `id_medico_jefe_planta`, `id_especialidad`) VALUES (2, 2, 20, 70, 2, 2);
INSERT INTO `hospitales`.`Planta` (`idPlanta`, `id_Hospital`, `num_hab_publicas`, `num_hab_privadas`, `id_medico_jefe_planta`, `id_especialidad`) VALUES (3, 3, 100, 50, 3, 3);
INSERT INTO `hospitales`.`Planta` (`idPlanta`, `id_Hospital`, `num_hab_publicas`, `num_hab_privadas`, `id_medico_jefe_planta`, `id_especialidad`) VALUES (4, 4, 200, 25, 4, 4);
INSERT INTO `hospitales`.`Planta` (`idPlanta`, `id_Hospital`, `num_hab_publicas`, `num_hab_privadas`, `id_medico_jefe_planta`, `id_especialidad`) VALUES (5, 1, 10, 20, 5, 5);
INSERT INTO `hospitales`.`Planta` (`idPlanta`, `id_Hospital`, `num_hab_publicas`, `num_hab_privadas`, `id_medico_jefe_planta`, `id_especialidad`) VALUES (6, 5, 10, 10, 6, 6);
INSERT INTO `hospitales`.`Planta` (`idPlanta`, `id_Hospital`, `num_hab_publicas`, `num_hab_privadas`, `id_medico_jefe_planta`, `id_especialidad`) VALUES (7, 5, 10, 10, 7, 7);
INSERT INTO `hospitales`.`Planta` (`idPlanta`, `id_Hospital`, `num_hab_publicas`, `num_hab_privadas`, `id_medico_jefe_planta`, `id_especialidad`) VALUES (8, 6, 15, 15, 8, 8);
INSERT INTO `hospitales`.`Planta` (`idPlanta`, `id_Hospital`, `num_hab_publicas`, `num_hab_privadas`, `id_medico_jefe_planta`, `id_especialidad`) VALUES (9, 9, 10, 15, 9, 9);
INSERT INTO `hospitales`.`Planta` (`idPlanta`, `id_Hospital`, `num_hab_publicas`, `num_hab_privadas`, `id_medico_jefe_planta`, `id_especialidad`) VALUES (10, 10, 5, 5, 10, 10);

COMMIT;


-- -----------------------------------------------------
-- Data for table `hospitales`.`Habitacion`
-- -----------------------------------------------------
START TRANSACTION;
USE `hospitales`;
INSERT INTO `hospitales`.`Habitacion` (`id_habitacion`, `id_planta`, `id_hospital`, `es_publica_privada`, `precio`, `num_camas`) VALUES (1, 1, 1, 'PRIVADA', 5000, 1);
INSERT INTO `hospitales`.`Habitacion` (`id_habitacion`, `id_planta`, `id_hospital`, `es_publica_privada`, `precio`, `num_camas`) VALUES (2, 10, 10, 'PRIVADA', 5000, 1);
INSERT INTO `hospitales`.`Habitacion` (`id_habitacion`, `id_planta`, `id_hospital`, `es_publica_privada`, `precio`, `num_camas`) VALUES (3, 2, 2, 'PUBLICA', 2500, 5);
INSERT INTO `hospitales`.`Habitacion` (`id_habitacion`, `id_planta`, `id_hospital`, `es_publica_privada`, `precio`, `num_camas`) VALUES (4, 3, 3, 'PRIVADA', 5500, 2);
INSERT INTO `hospitales`.`Habitacion` (`id_habitacion`, `id_planta`, `id_hospital`, `es_publica_privada`, `precio`, `num_camas`) VALUES (5, 4, 4, 'PUBLICA', 1500, 5);
INSERT INTO `hospitales`.`Habitacion` (`id_habitacion`, `id_planta`, `id_hospital`, `es_publica_privada`, `precio`, `num_camas`) VALUES (6, 5, 1, 'PRIVADA', 6245, 3);
INSERT INTO `hospitales`.`Habitacion` (`id_habitacion`, `id_planta`, `id_hospital`, `es_publica_privada`, `precio`, `num_camas`) VALUES (7, 6, 5, 'PUBLICA', 1200, 10);
INSERT INTO `hospitales`.`Habitacion` (`id_habitacion`, `id_planta`, `id_hospital`, `es_publica_privada`, `precio`, `num_camas`) VALUES (8, 7, 5, 'PRIVADA', 7000, 1);
INSERT INTO `hospitales`.`Habitacion` (`id_habitacion`, `id_planta`, `id_hospital`, `es_publica_privada`, `precio`, `num_camas`) VALUES (9, 8, 6, 'PUBLICA', 3650, 5);
INSERT INTO `hospitales`.`Habitacion` (`id_habitacion`, `id_planta`, `id_hospital`, `es_publica_privada`, `precio`, `num_camas`) VALUES (10, 9, 9, 'PRIVADA', 7450, 1);

COMMIT;


-- -----------------------------------------------------
-- Data for table `hospitales`.`Paciente`
-- -----------------------------------------------------
START TRANSACTION;
USE `hospitales`;
INSERT INTO `hospitales`.`Paciente` (`id_paciente`, `curp`, `numero_ss`, `nombre`, `direccion`, `telefono`) VALUES (1, 'OKSOKSOIS26565SSS6', '87797978844', 'Osacar Jimenez Pedraza', 'Privada 854, #48B', '6431596134');
INSERT INTO `hospitales`.`Paciente` (`id_paciente`, `curp`, `numero_ss`, `nombre`, `direccion`, `telefono`) VALUES (2, 'MCDF020504POFRLTES', '24895630123', 'Leopoldo Juarez ', 'Av Revolucion #74', '1234567891');
INSERT INTO `hospitales`.`Paciente` (`id_paciente`, `curp`, `numero_ss`, `nombre`, `direccion`, `telefono`) VALUES (3, 'ODOFYR250406SOSJLS', '78945613201', 'Sara Martinez Salas', 'Av Xicotencatl #78', '2459534645');
INSERT INTO `hospitales`.`Paciente` (`id_paciente`, `curp`, `numero_ss`, `nombre`, `direccion`, `telefono`) VALUES (4, 'DIJFOIDI5989898HPLM', '89467310456', 'Manuel Juarez Sanchez', 'Calle Estrella #5', '9595959598');
INSERT INTO `hospitales`.`Paciente` (`id_paciente`, `curp`, `numero_ss`, `nombre`, `direccion`, `telefono`) VALUES (5, 'HIHXH020202DHDHPLM', '84246124872', 'Maria Lopez Damaso', 'Av Pipila #54', '5461915316');
INSERT INTO `hospitales`.`Paciente` (`id_paciente`, `curp`, `numero_ss`, `nombre`, `direccion`, `telefono`) VALUES (6, 'MXMU252627PLGMJ011', '24349524548', 'Joel Altamirano Ramos', 'Republica del Salvador  #87', '8494215945');
INSERT INTO `hospitales`.`Paciente` (`id_paciente`, `curp`, `numero_ss`, `nombre`, `direccion`, `telefono`) VALUES (7, 'OOPDOPDO989565654', '37645181549', 'Paola Nunes Jimenez', 'Av Independencia #47', '8495916316');
INSERT INTO `hospitales`.`Paciente` (`id_paciente`, `curp`, `numero_ss`, `nombre`, `direccion`, `telefono`) VALUES (8, 'OPFTRN050505IFUS02', '24986734506', 'Bernardo Salvio Marquez', 'Av 16 de Septiembre #89', '8491315188');
INSERT INTO `hospitales`.`Paciente` (`id_paciente`, `curp`, `numero_ss`, `nombre`, `direccion`, `telefono`) VALUES (9, 'LOLO250408LSOSSH01', '65658977900', 'Marisela Nunez Flores', 'La Paz #47', '8978989894');
INSERT INTO `hospitales`.`Paciente` (`id_paciente`, `curp`, `numero_ss`, `nombre`, `direccion`, `telefono`) VALUES (10, 'PSOSODJDJ58F8F5D8', '20316499751', 'Ponciano Lopez Sanchez', 'Bandera Nacional #3', '84848481510');

COMMIT;


-- -----------------------------------------------------
-- Data for table `hospitales`.`Ingreso`
-- -----------------------------------------------------
START TRANSACTION;
USE `hospitales`;
INSERT INTO `hospitales`.`Ingreso` (`id_ingreso`, `fecha_ingreso`, `fecha_alta`, `tratamiento`, `Diagnostico`, `id_habitacion`, `id_planta`, `id_hospital`, `id_medico_jefe_ingreso`, `id_paciente`) VALUES (1, '2008-05-05', '2008-05-15', 'Anestesia local', 'Inflamacion ', 1, 1, 1, 1, 1);
INSERT INTO `hospitales`.`Ingreso` (`id_ingreso`, `fecha_ingreso`, `fecha_alta`, `tratamiento`, `Diagnostico`, `id_habitacion`, `id_planta`, `id_hospital`, `id_medico_jefe_ingreso`, `id_paciente`) VALUES (2, '2020-01-05', '2020-01-03', 'tratamiento cardivascular', 'Cardiopatía isquémica crónica', 2, 10, 10, 2, 2);
INSERT INTO `hospitales`.`Ingreso` (`id_ingreso`, `fecha_ingreso`, `fecha_alta`, `tratamiento`, `Diagnostico`, `id_habitacion`, `id_planta`, `id_hospital`, `id_medico_jefe_ingreso`, `id_paciente`) VALUES (3, '2020-05-20', '2020-06-04', 'Jarabe', 'Gripe', 3, 2, 2, 3, 3);
INSERT INTO `hospitales`.`Ingreso` (`id_ingreso`, `fecha_ingreso`, `fecha_alta`, `tratamiento`, `Diagnostico`, `id_habitacion`, `id_planta`, `id_hospital`, `id_medico_jefe_ingreso`, `id_paciente`) VALUES (4, '2018-02-02', '2018-02-06', 'Cirugia ', 'Apendicitis', 4, 3, 3, 4, 4);
INSERT INTO `hospitales`.`Ingreso` (`id_ingreso`, `fecha_ingreso`, `fecha_alta`, `tratamiento`, `Diagnostico`, `id_habitacion`, `id_planta`, `id_hospital`, `id_medico_jefe_ingreso`, `id_paciente`) VALUES (5, '2019-04-01', '2019-05-12', 'Luz pulsada', 'Manchas en la piel', 5, 4, 4, 5, 5);
INSERT INTO `hospitales`.`Ingreso` (`id_ingreso`, `fecha_ingreso`, `fecha_alta`, `tratamiento`, `Diagnostico`, `id_habitacion`, `id_planta`, `id_hospital`, `id_medico_jefe_ingreso`, `id_paciente`) VALUES (6, '2005-08-01', '2006-01-03', 'Trmbectomia', 'Trombo bloqueando la circulacion', 6, 5, 1, 6, 6);
INSERT INTO `hospitales`.`Ingreso` (`id_ingreso`, `fecha_ingreso`, `fecha_alta`, `tratamiento`, `Diagnostico`, `id_habitacion`, `id_planta`, `id_hospital`, `id_medico_jefe_ingreso`, `id_paciente`) VALUES (7, '2022-01-29', '2022-02-04', 'Cirugia de suelo pelvico', 'Caida de suelo pelvico', 7, 6, 5, 7, 7);
INSERT INTO `hospitales`.`Ingreso` (`id_ingreso`, `fecha_ingreso`, `fecha_alta`, `tratamiento`, `Diagnostico`, `id_habitacion`, `id_planta`, `id_hospital`, `id_medico_jefe_ingreso`, `id_paciente`) VALUES (8, '2010-12-12', '2011-02-18', 'Cuidados intensivos', 'Anemia', 8, 7, 5, 8, 8);
INSERT INTO `hospitales`.`Ingreso` (`id_ingreso`, `fecha_ingreso`, `fecha_alta`, `tratamiento`, `Diagnostico`, `id_habitacion`, `id_planta`, `id_hospital`, `id_medico_jefe_ingreso`, `id_paciente`) VALUES (9, '2003-05-20', '2003-05-23', 'Oxigenoterapia', 'Neumonia', 9, 8, 6, 9, 9);
INSERT INTO `hospitales`.`Ingreso` (`id_ingreso`, `fecha_ingreso`, `fecha_alta`, `tratamiento`, `Diagnostico`, `id_habitacion`, `id_planta`, `id_hospital`, `id_medico_jefe_ingreso`, `id_paciente`) VALUES (10, '2008-04-17', '2008-04-30', 'Dialisis', 'Insuficiencia renal', 10, 9, 9, 10, 10);

COMMIT;

